{"dimension": 768, "next_id": 2, "vectors": {"0": [0.40326720294639473, 1.8379490276684307, -0.6198893880464885, 0.5635922821951527, -0.7653805941432461, 0.5876874132025485, -0.5228849232659093, -0.22687812372889377, 0.0028387438891184537, 0.13831893792436922, -0.08203491822554067, -1.0896115636976982, -0.12038574583665693, -0.4311229957017131, 0.5379078244020642, 2.146748543194581, 1.3546711997488614, 0.034581221462872264, 1.062477148529569, -0.07471496135086186, -0.3473184598938117, -1.1351394138410247, -1.7906106944603366, 1.1930577353656644, -1.8169785837557073, -0.635415282095587, -0.08757145733130925, 0.6049889648608028, 0.69671949799584, -0.4491436577719258, 1.3623098339088144, -0.05777114953886647, 1.3522941543604743, -0.31691731831275183, 0.5804915931534892, -1.3365740089407079, -0.8449118789449781, -1.2687631941192874, 0.5808239265722028, 1.4454789628733373, 1.1167547206779027, -0.7191512908157417, 0.31215586807908574, 0.7798262481165048, -0.08990241708472793, 0.37440686715876, -1.6623873546582917, 0.1296603198628227, -1.0378835827713342, -1.231784676177016, 0.07792996617404112, 0.6582991643171007, -1.156622230701499, 0.44437396744957913, -0.22797449527967706, 0.8821314472794894, -0.767981283564489, -0.25137697463377506, -0.35592855662930506, -0.08575667419645862, -0.6789781415436743, 0.678180203743948, -0.22471240056191685, 0.6715982374405112, -0.15156834909752115, 1.2985647269461458, 0.6839462975240618, -1.0345265444802303, 1.236143048510314, -0.8487146571896802, -0.5908160989401985, -1.462812762682861, 1.1189802552414232, 0.26322476764491093, 0.04139258640785159, -1.2864024645778407, -0.737159495529174, 0.552729163659344, 0.14562647266780687, -0.12779740738255033, -1.1765341891129548, 2.6634152825421515, 1.3304032242892176, -0.3946844247823515, -0.8796511735550383, -0.4848092665603983, -0.5007589120431813, 0.06467635620495826, -0.43472016471246866, -0.9329712147651776, -0.8454095016183605, -1.254259505056436, -0.3694294437387578, -0.8209061196965882, -0.674938853925917, -1.050098002534756, -0.9255010330987365, -1.15506883397353, 0.8915634661215783, 0.18744301467344707, 0.35240557952996476, -0.26924422786401747, -0.17289664208954286, 0.6914117593708007, 0.3300036792402446, -0.6908586902337711, -1.0230185548384187, -1.4322963970309703, -0.811492330650473, 0.7210808602242184, 0.5773902369327489, -0.7693625102192858, -2.2704282953818664, 0.05958500121792426, -1.1898430020110267, -0.11417767469948185, 1.4493092527561962, 1.687709188267051, 0.17181574008856892, -1.2208490833834846, -0.8154719454682926, 0.39700439442938223, 0.22983408602328778, 1.62514523543756, -0.8784561006645855, -0.2958407696763201, -0.8884827121485089, -1.0166795987736248, 0.533217084151516, 1.9353556352416301, 0.37954481023428505, -0.4245268149253728, -0.6556488054781037, 0.7248817661075386, -0.047539006844654945, 2.042060559574321, -0.8743603193971515, -0.041810059360448466, 0.7167512506404884, 1.7431579250798241, -1.4645537327060054, 0.6739788825113682, -0.2569980179523042, 1.1877146667230387, -0.8528615436120579, 1.5009275335657848, -1.756519545380745, 0.33823727422212563, -1.766462073316712, -1.6398740133938958, 0.6267632998822287, 0.5196753246321935, 0.1996293570333796, -1.2480413547894358, -0.8401066385873599, 1.283317853194836, -0.38140245430395364, -0.7378159286469347, 0.9711056037951833, -0.9331168240443449, -0.4168445402808118, 1.2328117703406711, -1.7469277242144734, -2.1009177157641905, 0.8291298156431132, 0.5153555458340491, -1.8187855840522131, 0.254810515490782, -0.37055292642485865, 0.4964012766365231, -0.3185737607658015, 0.3376227681152175, -1.7529195204367842, 0.007829329456588803, -1.1583910640453854, -0.014472200060384547, -0.09710708489811212, -0.7479026148595421, 0.9932968406629644, 1.6937327071205641, 0.6277345873430756, 0.6079306411824823, -1.0437376862703438, -0.6979487042826114, 0.7640488921743928, -0.09071783248849392, -1.036019498368611, 0.5267823607424245, -0.4340069681438785, 1.0861986623509634, -2.0546088632115773, 1.8942904374855687, 0.22479556631793798, -0.796511895900827, 0.5244567362244004, -0.4241832187128195, 0.36185287816171224, 0.9995515652473457, -0.6110221051369661, -0.5223348852395207, -1.5592842392429183, 0.842727749014357, -0.4359846221359624, 0.3164005841446501, -0.5249989494455707, 0.04514106650477928, -0.7573360572583263, 1.9352674178291414, -0.3115975692315399, -0.6114726219587725, -0.7150933321561059, 0.8516918418978395, -0.6862119910133957, 3.350924585514372, -1.4384538551366803, -0.9306008099726881, -0.935507186343904, 1.3486984815553227, 1.6891435852435117, 1.2982885149357553, 0.21936680152968907, 0.06778392464802226, -1.7812775211452345, 0.228297183676407, 0.5327368341926635, 0.7718478013541336, 0.2510994500868888, -1.8896505098910497, -1.2382089623415202, -0.3308186614642398, 0.5198086028738462, -1.9589209056705166, 0.03941837453885301, 0.050773918099634455, -0.5818611547762562, 1.9749814838603643, 1.3999414830531767, 1.46572271313458, 0.5304370295844717, 0.6839572664694485, -0.7855488825028354, 0.5901767857089205, -0.5208515892754457, 0.5702776009338608, 0.28780249947057757, 0.49067934312090544, 0.5065844086658682, -0.1169794814910957, 0.8178250822490175, -1.9046792362758376, -0.8417809555889928, 0.4324793636720293, 3.3287569838551003, -0.9483203871053075, -1.9700914831103111, -2.8563938703520213, 0.29413443383894494, 0.6596777032604391, -0.0876217907643365, 0.6818616879193937, -0.7549720311362503, -0.5944219195234568, 0.257355009786347, 1.3870919300938722, -1.56216587068985, -1.238035880168808, -0.16506732639629004, -1.44279944118344, -1.7021319982206977, 1.8369943104480055, -0.4519439430713727, 0.15326012798838545, -0.8457589623515095, -0.8036667470952273, 0.7079355400841976, 0.717623873213497, 0.07708296005398595, 0.24915078212794173, 0.16617728542293192, -1.4208686340211174, 1.1883758471225117, -1.359693022033674, -1.1659455431491113, 0.1328054688272646, 0.35496173019787247, 1.9686899415116936, 1.315170181137186, -2.3532670521763572, -1.1456344336142272, 0.8438700541032373, 0.06683800114157482, -1.120315096106669, 0.1429632863128389, 0.18556977499625465, 2.5171023075306334, -0.23916065556853294, -0.1459760635800772, 0.0406185266722969, 0.5445839942071387, -0.7446499672988525, -1.481130972031568, -1.7946753380262157, 2.2208310128961934, -0.1744119622980234, -0.05964096766924891, 1.6155574375340795, 1.315511604221189, -2.353580418834845, 0.2646662696080434, -0.07845934932363949, -0.2514411638314517, -0.7581331853093397, -0.6313021127122305, 0.6575338045753935, -1.3143819587160104, -0.7456981329578891, -0.6867443342592342, 0.171957124732098, 0.6446035961098154, 1.1636103388444448, 1.0571853597078509, -1.05679417460822, 0.8066766086100446, -0.5289306155523505, 0.007503614685782364, -2.031540703333225, -0.09340172467455297, 1.6838241368390148, 1.0242630138025632, -0.22555207665572016, -0.3798435952418142, -1.8529746969878258, -0.06790636874847014, 0.1973513026959205, -0.9732778070065161, 1.5492977177697091, 1.2554617428846253, 0.9220129147930615, -0.08170905637455914, -1.2075397473958853, -2.130132989041944, 0.9906396813764952, -1.6804757868570217, -0.038100274550441834, -0.29259947628324645, -0.2835901124577185, -1.8973672041945047, -0.9463377696812594, -0.5654389547602582, -1.4726006087422454, -2.553448921790371, -0.27316435902535025, -0.4706305920067782, -0.2496499618072038, 1.592950648511766, 1.5376049873753934, 2.1917602704707044, 0.1287237399930271, 1.0575252535411732, 0.3131600257158347, 0.8877037351470948, -0.5590079779663035, -2.8700348991739704, 2.040622040689334, -1.3053667089244094, -1.3698075826686162, 1.3776336707662156, -1.06941875188158, 0.5607124842388965, -0.8930229734813661, -0.665493681876172, -2.1763006223497445, 0.3839522641084159, 1.131727095680318, 0.03850176574935875, -1.691302368003656, 0.628551548262912, 0.8998043513716842, 0.11474822756099233, 1.5763193711228276, 0.09075340127843652, -0.0821142186603365, 0.17078890708301447, -0.1117070562245927, -0.02964528059798261, 2.414695000401233, 