{"dimension": 768, "next_id": 2, "vectors": {"0": [-0.33556730420407294, 0.37635440616581955, -0.5486767208488397, 0.7056294088345264, 1.0755138599143843, 0.32076259822514525, -0.7912931897676365, -0.1522377101003134, 0.3607596617078026, 0.3892068310990988, -0.2066321036619872, -1.3580094433503447, 0.17952270380864652, 1.1256544257738101, -1.1596684165985147, 0.5141283727404191, -0.32050046345023364, -0.6210724664126861, 0.5556292335415247, 0.2551406392472292, -0.6076946350285815, 0.1491122487785274, 1.172198695766667, -0.17869271964720804, 0.18767324297242907, -0.8667734368272184, 0.42950972447980085, -1.649415112983413, 2.665573950930552, -0.8067243122982697, 0.6465897200741927, 0.4863228899481744, -0.10029754884129408, 0.6512239593943994, -1.0041079488525688, -0.07117867278000876, 0.8569566401629928, -1.5256214951021776, 1.2384273257286114, 0.13081379704866852, 1.0143285256119825, 0.09476282065708906, 0.19836810776961158, 0.3938731261482542, 0.5621494113767662, 0.4214419011131499, -0.08694812997390902, 0.469380661419639, -0.5133969202192503, 1.9700214140152779, -0.9014861540170975, -0.2902454413246867, -1.4584176169709893, 0.5722310741077329, -0.28040858119574175, -0.40228736442878904, -1.1265989638931504, -0.7756445944844592, -1.0953081897093828, 1.4311321437046653, -0.2179397559301918, -0.27510864656847456, -1.3792776733895338, 0.16427862472237081, 0.4872377845464716, 0.006879348403716495, -0.26740351470433565, -0.1483565419436955, 0.1727505526120341, 0.9196800513468987, 0.9601071061742777, 1.141002847507151, 0.32558140441675903, 0.33211262790554963, 0.018532256502691104, 1.185263980602291, -0.2621950827468296, -0.5608147536141342, 0.2970020204400225, 0.6206212620601295, -0.08069149677245276, 1.7408492501722024, 2.1384261334941472, -1.385260408833191, -0.5516145528447276, 0.7351966357108739, -1.1915961150271082, -0.2593907618885939, 0.0017316532389017958, -1.268799197815065, -0.6819001928949022, -0.48269466541299616, -0.7690324369546925, -0.4014639019268877, 0.3170071318352733, 0.4551071700017215, -0.8235468314907032, 0.09910747558695307, 0.4530897847632472, 2.909152427983437, -1.4692620564984156, -1.3184484441479325, 0.28406099428087317, 1.6627050348016252, -0.25670695713063385, -0.5867300597136667, -0.19274662694014102, 0.9759210258185301, -1.5082344108490424, -1.9993116523780805, -1.0480940312619638, 0.24029651392846732, 0.9113586254669015, -0.6647843974223264, -0.4765950561908505, 0.37793408587595617, -1.6878736312187603, 0.06863208271510567, 0.2199277611619312, -0.39923979333621623, -0.5913438872540606, -0.3016612580426415, -0.40677023745782237, -0.43564455363537813, 3.0352906029175473, -1.6809010885680316, -0.07536960067274172, -0.5844564161311085, 0.821145411756623, -0.5871866651954705, -0.5074596515971962, 1.7275514142639365, 0.21321576634218156, -1.047741967051091, 0.2432516215937462, -0.9436768046772429, 0.19875452305009048, 0.5564594152716945, -0.1767683213234222, -2.3139331766817386, 0.23266429691847457, -0.1339361276272396, 0.3323108561211956, 1.1288469690894334, -0.8266795526611247, 0.5910851236798161, 0.3011513875695378, -2.302463775911553, -1.0341930712242198, -0.9713109809859323, -1.3589020589462526, 0.4248462861663848, 0.2973047288841679, -0.7120062210029835, -0.12248382883260345, -0.6021952771367155, -0.3216397742724395, -0.14243296269784092, -1.0614516584482112, -0.3866055946846571, 1.0388750568601723, -0.08539840255727793, 1.1636084701684921, 0.4735265786824816, -0.7371358339147093, 0.6005564533802455, 1.1562572948205898, 0.23095888077101742, 0.05290113747697907, 1.988742909379459, 0.898800610595299, 0.5139491540594143, -0.7326975467708691, 0.49987385743665985, -1.6471893229619876, -1.2053694953661425, 0.5272463119036909, 1.9040378211723186, -2.299417952001562, 0.9847666112180113, -1.6137430998853541, 0.03262568796610267, 0.7710080978291586, -1.0803193473935104, 1.3097117057191918, 0.9177382233422897, 0.034126603552921304, -1.4050441586991016, -0.721492680517308, 0.9470550617840725, 0.7133945736749739, -0.17309954351897486, 0.21937561398022712, -2.020975505927923, 1.4282869578462458, -0.5901748193999891, 0.8100330183935714, 1.280685117505018, 2.2330738863369293, 0.5200235089937356, 0.6291265331896283, -0.28380432652917026, 1.1554679441221096, 1.3365843034593776, -0.8551761263070261, -1.2844021113203223, -0.2359411907447463, -1.3234160242786965, 0.47219083529790634, 1.5142506019319875, -0.09191994558374836, -0.8982943777113851, 1.000443011687125, 1.1929071273948952, 0.5808781703732926, 0.6449481191611951, -0.0187615787339442, 0.9728235681735938, -0.5451068253341979, 0.3999607208689214, 0.2302397681187612, -0.22478093862968596, -0.3259947958643365, -0.3761006121864247, -0.8383093341744368, -0.433009915518906, -0.1577079889317311, -0.08492969369816745, 0.5467752587015776, -1.5962442857027048, 0.09064648674951356, -0.7421832739782179, 1.1580317131421176, 0.4869111629758165, -0.9761810681186653, 0.4803674515494222, -1.102872975311259, 0.0850921655545516, 0.11852553809839907, -0.6106760741439599, 0.846316391382569, 0.4828818351829956, 1.2546608509778163, -0.6744575335613101, 0.06136128636159702, -1.8753669343312045, -0.6614236398981156, -0.048656491039102974, -0.6674058413595153, 1.4187528024165357, 0.645853166056237, -1.4861191428284415, -0.4905982805177068, -0.4898248695036333, -0.2194702214394514, -0.2918662432074061, -0.1449657253050589, -0.19143681858409775, 0.12891549356044454, 0.48119625747193917, -1.0414290186767616, 0.5578237206661978, 0.3264211468764481, -0.3918795620116521, -2.0770822074502404, -0.8837601126643361, -0.3954634789708963, 1.9216128945599111, -0.2001638333791586, -1.3209955822233905, -1.2115854068020369, -0.33015247392557023, -1.8318127723256794, 1.565843310953051, 0.28791382854320896, -1.0687701575922786, 1.0655202017277763, -0.041267395261477914, -0.43990283721075646, 0.7051730740388686, -0.4078085267039621, 0.2366755790680163, 0.5444107174281301, -0.0582541083880428, -1.6688441144406012, 1.0646123545336683, -0.26462354933112825, -1.5342749334861325, 0.5356271503472637, 0.15339119328855338, 0.45448753556221994, 0.9021766480761871, -0.4817170175955939, 0.10986921175592661, -0.033049409549788834, 0.6830256113713356, -0.1853165003732583, 0.4175149709058605, -0.6103887392816635, 1.6018165234407866, -0.9579315453832757, 0.31099753538162006, 0.42004295611324194, -1.516386060585521, -1.660153380099063, -0.2689706439883396, 1.421007176905266, -1.836402167409321, 1.3217430312380043, 0.4829149892123067, 1.0864784009454365, -0.7844575696264123, -0.11454672324013862, 0.6505575716027269, -1.5708623133866173, -0.3105980262084265, -0.6129061484438082, -0.619213992788549, -2.2467119837638085, -0.1291045384279428, -2.532119214520963, -0.2610096002787635, -0.6172634552485867, 0.10764897768907006, -0.4152776784383237, -0.5965090990860326, -0.0071493743485856005, 1.0529513471411671, 0.030355867622838727, 0.898009914606532, -0.0647478117973599, 0.38167821833594257, 1.7931153810641658, -0.2595756984146921, 1.2513694759485563, 0.06256458291551079, 0.4511321640153939, 1.6716272514902428, 0.6339856188059289, -0.8184416490211684, 0.11462170532506913, -0.06570681796914349, -1.0868529850345003, 0.3821697616719905, -0.036870667965309536, -0.27060320217238143, -0.8625116769663692, 1.0777456764300462, 0.11825300196302649, 1.2577211892452909, -1.0415479923527846, 0.5497408980690363, 0.4965074371266683, 0.49220387140479327, -0.35132698633421366, 0.5623191529234658, -2.5447777181995264, 0.018587337916721364, -0.9303594115310702, -1.5072965092839494, -0.11163288843321587, 0.7441388209733966, -0.2934393339656972, 1.2868989771497037, -0.7774911255243019, 0.20251858485994273, -0.9753177098681164, 0.7337979110199698, -0.5602152797997031, 0.7989947447626276, -1.5551641375968899, -1.5129034763968263, -0.7222828887127234, -1.525126669376702, 1.0481450762973086, 0.4338487011000957, 0.6708283771746527, 0.8946815720337837, 2.3079370566109865, -1.518820182314447, -0.1690367922753317, -0.43522950075258193, -0.8571460548341192, -1.0384834630742519, 