{"dimension": 768, "next_id": 2, "vectors": {"0": [-1.079453706741333, 0.0011146991746500134, -1.3192371129989624, -1.2103419303894043, 0.9039309024810791, 0.32875898480415344, -0.14099262654781342, -0.30198270082473755, -0.8285969495773315, -0.7124882340431213, -0.28303542733192444, 0.6062811017036438, -2.148205280303955, -0.42989253997802734, 0.6855592131614685, -0.4950244128704071, 0.851915717124939, 1.1398370265960693, 0.5739203691482544, 1.8495274782180786, -0.7698422074317932, -1.0753364562988281, 1.3678882122039795, 0.49415162205696106, 0.3627074658870697, -1.8035929203033447, -1.0214306116104126, -1.3597016334533691, -1.2212125062942505, 0.1732715368270874, 0.09030457586050034, 2.07246994972229, -0.8955827951431274, -1.8873311281204224, 0.5671896934509277, -0.7002021074295044, 0.040115922689437866, -0.4737139344215393, 0.9726042747497559, 0.8029987812042236, -1.5819147825241089, -0.45443791151046753, 0.7573371529579163, 0.506773829460144, -1.4440298080444336, -0.21259194612503052, 1.230890154838562, -1.3250839710235596, 0.05260975658893585, -0.7300695180892944, -0.010542002506554127, 0.7757373452186584, 2.1586732864379883, -0.9032902121543884, -1.483360767364502, 0.7672927379608154, 1.0201407670974731, 0.11536116153001785, -0.6276581287384033, -0.07747521996498108, -0.5914766192436218, 1.5248289108276367, 0.8820611834526062, 1.3100916147232056, 0.4829380512237549, -0.46694880723953247, 0.1165444552898407, -1.4700558185577393, 0.07635687291622162, 0.6948655247688293, 1.772194743156433, 0.9655619859695435, -0.1924481987953186, 0.33499619364738464, 1.2913095951080322, -0.32457125186920166, -0.2583855390548706, 0.8817302584648132, 0.3841541111469269, 0.8110281229019165, -0.6459460854530334, -0.9450420141220093, 0.9648619890213013, -0.32426726818084717, -1.928423285484314, 0.6031333804130554, -0.01124605443328619, 1.132452130317688, -0.012238494120538235, 0.2522923946380615, 1.239254117012024, -0.11628013849258423, -0.271883100271225, 0.22146651148796082, -3.403273344039917, -0.10476081073284149, 0.775346040725708, 1.0727229118347168, -0.137502521276474, -0.6074804663658142, -1.2063599824905396, 1.1912739276885986, 1.515690565109253, 0.7278831601142883, -0.11832544207572937, -0.06295493245124817, -0.6903907060623169, 0.8512994050979614, -0.9367167353630066, 0.39766502380371094, 1.4141035079956055, 0.4085288643836975, -1.1750521659851074, 0.33805739879608154, 0.467704713344574, -0.5779539942741394, -0.20878617465496063, 1.4888232946395874, 0.08701497316360474, 0.7142053246498108, -2.13486385345459, -0.46797987818717957, 2.9827167987823486, 0.1093239039182663, 0.7287511229515076, 0.8246167302131653, -0.11903371661901474, -0.08088747411966324, -2.2103757858276367, -1.6107089519500732, 0.06999682635068893, 2.567671775817871, 0.37800636887550354, -0.9019724130630493, 0.2336065024137497, -1.9535911083221436, 0.7602852582931519, 1.6567806005477905, -0.3304794430732727, 1.273388147354126, 0.9089242815971375, 0.28883349895477295, -0.19709010422229767, -0.019890738651156425, 0.1483958512544632, -0.3513234555721283, -0.7418811917304993, 0.0393296517431736, -0.3334405720233917, -0.9525527358055115, -1.4273701906204224, 0.7546730637550354, 2.2651443481445312, -0.17853163182735443, 0.3757450580596924, 1.0135234594345093, 0.7800641059875488, -1.2019670009613037, 0.3279454708099365, -1.0966072082519531, -0.05304882675409317, -1.626919150352478, 0.2122320532798767, -0.365060955286026, 2.365154266357422, 0.45998504757881165, -0.28231146931648254, -0.8839931488037109, -0.21996170282363892, -1.3879375457763672, 1.8386846780776978, 0.11502581089735031, -0.8371612429618835, 0.740834653377533, -1.2796074151992798, -0.5620703101158142, 0.2772294282913208, -0.8865233659744263, -1.3344899415969849, -1.0937788486480713, 0.7256346344947815, 1.4054831266403198, -0.24499599635601044, 0.43701493740081787, -0.32181039452552795, 0.8283817768096924, -1.0697119235992432, -0.6909512877464294, 0.8614702224731445, -0.4671995937824249, -1.8862544298171997, 0.3521328270435333, 0.9242099523544312, 0.0673120841383934, -1.4881441593170166, -0.10980144143104553, -0.5787047147750854, -1.2174065113067627, -0.39871832728385925, 0.7554839849472046, 0.6503026485443115, 1.354476809501648, -1.4616343975067139, -0.7426539659500122, -1.023494839668274, -0.43707823753356934, 2.4923160076141357, 0.018452949821949005, 1.5221240520477295, -0.3030479848384857, 1.537683367729187, 0.10869082808494568, 1.028178334236145, 1.0280486345291138, 0.797933042049408, -0.7605392336845398, -1.3525888919830322, 0.5974072813987732, -1.1963192224502563, 1.3281408548355103, 0.494513601064682, -2.80259108543396, -0.39110246300697327, 0.6943638920783997, -0.13310827314853668, -0.5702211856842041, 0.8141924142837524, 2.56976318359375, 0.6514114737510681, -0.16788418591022491, -1.8510544300079346, 1.6683090925216675, -0.8927412629127502, -0.0014165297616273165, -0.5460382699966431, 0.7988379001617432, 0.09045454859733582, -0.29212841391563416, -1.1798523664474487, -1.9491370916366577, 0.33282360434532166, -1.4285651445388794, 1.5802193880081177, 1.6678487062454224, -1.2005890607833862, -0.4323083758354187, -0.2560308277606964, 0.9026713967323303, 0.5292001366615295, 0.31850793957710266, -0.37860164046287537, 0.14638307690620422, -1.4238076210021973, -0.3868173062801361, 1.0953320264816284, 0.00820385105907917, -0.054383136332035065, 1.214107632637024, 0.19453193247318268, -0.42249467968940735, -1.293698787689209, -1.0912364721298218, -0.3820064067840576, -0.19329048693180084, -1.1170114278793335, 0.5936093926429749, -1.1153897047042847, 0.27855461835861206, 0.8058001399040222, -1.5021544694900513, 0.21443478763103485, 0.4429655373096466, -1.9827333688735962, -0.47341927886009216, -0.4223211407661438, 0.4104578495025635, -0.70263671875, -1.0082823038101196, -1.318020224571228, -0.9358718991279602, -0.76716548204422, 1.518903136253357, 1.2042089700698853, -0.4323192834854126, -0.14871308207511902, -1.490466833114624, 0.5452665686607361, -0.23713864386081696, -0.3883613348007202, 1.5244680643081665, 1.1069236993789673, 2.1052322387695312, 1.240035891532898, -1.9635772705078125, 0.6745429635047913, 0.190456822514534, -1.8559437990188599, 0.011869178153574467, -0.34742698073387146, -0.3893609046936035, 1.0422526597976685, -1.414616584777832, 0.5036467909812927, 0.16083644330501556, -0.24804918467998505, -0.29856184124946594, -0.9446136951446533, 0.492232084274292, -1.4391000270843506, 0.7032043933868408, 0.03493329882621765, -0.7184782028198242, -0.4668234586715698, 0.24356696009635925, -0.6554175615310669, -0.8032339215278625, -1.0877372026443481, 0.13732513785362244, 0.9966731071472168, 0.6871479153633118, 0.6255675554275513, -0.13839559257030487, -0.6044819355010986, 0.7751699090003967, 0.5191311836242676, 0.8350005149841309, -1.440955638885498, 0.08461236208677292, 0.5480018258094788, -0.8309891223907471, -0.6726455092430115, 0.39691758155822754, 0.7276111245155334, -1.2474550008773804, 1.3317921161651611, 0.8927369117736816, 0.12174399197101593, -0.8058301210403442, -0.3153890073299408, 0.7907312512397766, 0.9095311164855957, 0.19127173721790314, 0.6615408658981323, -0.7037172913551331, 2.273041009902954, 0.2449304461479187, -0.962220311164856, 0.4464455842971802, -0.5652841329574585, 0.7067626118659973, 1.5754659175872803, 2.2324602603912354, -0.9810460209846497, 2.1479222774505615, 0.249131977558136, -0.8092785477638245, -0.37093013525009155, 0.24749387800693512, -0.6696984171867371, -0.6030303835868835, -1.3378361463546753, 1.0337352752685547, -0.03336643800139427, 0.06773773580789566, -2.1662702560424805, -0.6536118388175964, 1.4415411949157715, -1.6045558452606201, 1.7409210205078125, 0.17432500422000885, -1.1138420104980469, -2.2952229976654053, 0.8743720650672913, -0.04777173325419426, 1.7637691497802734, -0.15905827283859253, 0.1895890235900879, 1.0735760927200317, -1.1983567476272583, -0.9000082015991211, -0.7239105701446533, -0.31496870517730713, -0.5104883909225464, 2.5168662071228027, -0.9491174817085266, 